date,butter,cheddar_cheese,variety_cheese,process_cheese,whey_powder
Jan-83,36925.00,36211.00,11873.00,5484.00,10170.00
Feb-83,37622.00,37139.00,11896.00,5721.00,9491.00
Mar-83,37422.00,37403.00,10523.00,6367.00,9723.00
Apr-83,35204.00,37598.00,11845.00,4907.00,9517.00
May-83,36885.00,38755.00,10866.00,5545.00,9891.00
Jun-83,36728.00,37605.00,10675.00,6177.00,10611.00
Jul-83,38116.00,39159.00,11050.00,5180.00,11915.00
Aug-83,37472.00,40774.00,11541.00,5964.00,11548.00
Sep-83,37671.00,41346.00,11687.00,8462.00,11589.00
Oct-83,37038.00,40786.00,11719.00,7621.00,12506.00
Nov-83,35115.00,40015.00,11998.00,7677.00,12009.00
Dec-83,30276.00,38042.00,12423.00,8219.00,10134.00
Jan-84,27744.00,40383.00,11708.00,5026.00,8484.00
Feb-84,28817.00,39071.00,11938.00,6326.00,11484.00
Mar-84,23348.00,39164.00,11902.00,7088.00,16673.00
Apr-84,24391.00,38423.00,12064.00,7082.00,11135.00
May-84,27342.00,39811.00,12246.00,6770.00,13087.00
Jun-84,30872.00,40786.00,11161.00,7464.00,9746.00
Jul-84,33702.00,45014.00,11863.00,7068.00,8976.00
Aug-84,37450.00,42362.00,12434.00,7201.00,8665.00
Sep-84,38355.00,38869.00,11359.00,7628.00,8139.00
Oct-84,36342.00,39004.00,11581.00,7022.00,9282.00
Nov-84,34771.00,38225.00,12573.00,7423.00,8278.00
Dec-84,32061.00,39786.00,13019.00,8879.00,6578.00
Jan-85,28469.00,41127.00,12297.00,8499.00,5922.00
Feb-85,29250.00,38845.00,13736.00,7705.00,1889.00
Mar-85,21599.00,37596.00,14284.00,8310.00,1489.00
Apr-85,24828.00,40504.00,13533.00,6676.00,1701.00
May-85,28380.00,38209.00,13046.00,7838.00,1988.00
Jun-85,29449.00,36176.00,12957.00,7209.00,1942.00
Jul-85,30836.00,37451.00,12807.00,7066.00,2707.00
Aug-85,29301.00,39427.00,12249.00,7459.00,2397.00
Sep-85,28797.00,39064.00,12023.00,7261.00,1520.00
Oct-85,27554.00,38841.00,12589.00,8126.00,1871.00
Nov-85,25618.00,37573.00,13092.00,9070.00,1948.00
Dec-85,23516.00,35024.00,13873.00,10092.00,2588.00
Jan-86,19758.00,38720.00,13216.00,9389.00,3202.00
Feb-86,20251.00,39489.00,12936.00,7362.00,3578.00
Mar-86,18929.00,39546.00,11513.00,7771.00,4043.00
Apr-86,20557.00,40340.00,13263.00,6913.00,4676.00
May-86,19193.00,37909.00,13025.00,7945.00,4969.00
Jun-86,22410.00,39033.00,12805.00,8199.00,5569.00
Jul-86,21928.00,39970.00,11583.00,7843.00,5646.00
Aug-86,21266.00,39477.00,11491.00,8215.00,5936.00
Sep-86,21587.00,38102.00,11346.00,8798.00,4996.00
Oct-86,20609.00,36998.00,11443.00,7856.00,4443.00
Nov-86,19127.00,34375.00,11141.00,7112.00,4676.00
Dec-86,18528.00,32808.00,10131.00,9933.00,3103.00
Jan-87,18456.00,33929.00,10278.00,9647.00,2481.00
Feb-87,18677.00,34210.00,10446.00,8861.00,2950.00
Mar-87,18595.00,33155.00,9595.00,8254.00,2858.00
Apr-87,18419.00,33987.00,11304.00,8031.00,2696.00
May-87,19351.00,34505.00,11962.00,9327.00,2920.00
Jun-87,19038.00,35564.00,13827.00,9148.00,3160.00
Jul-87,18823.00,36243.00,14688.00,8943.00,2603.00
Aug-87,18248.00,37990.00,13753.00,9430.00,3250.00
Sep-87,16873.00,37640.00,13715.00,9034.00,4316.00
Oct-87,15061.00,37799.00,13013.00,9002.00,2784.00
Nov-87,14310.00,35929.00,12519.00,8762.00,2468.00
Dec-87,12054.00,35007.00,13355.00,8891.00,2449.00
Jan-88,8919.00,34511.00,12178.00,8878.00,2493.00
Feb-88,9378.00,35353.00,12751.00,7555.00,1932.00
Mar-88,8977.00,35300.00,12980.00,9790.00,2567.00
Apr-88,10823.00,33915.00,11341.00,9861.00,2322.00
May-88,13443.00,35880.00,11959.00,8670.00,2319.00
Jun-88,14827.00,36569.00,11827.00,8001.00,2374.00
Jul-88,17653.00,36524.00,13143.00,8363.00,1989.00
Aug-88,18411.00,36699.00,12339.00,7414.00,1930.00
Sep-88,17737.00,38712.00,11564.00,8674.00,2731.00
Oct-88,18405.00,37719.00,14035.00,8388.00,2725.00
Nov-88,17173.00,35253.00,12930.00,7040.00,2805.00
Dec-88,15815.00,34548.00,14435.00,9413.00,2857.00
Jan-89,13876.00,35152.00,12738.00,7960.00,3512.00
Feb-89,16799.00,31892.00,11433.00,6492.00,4104.00
Mar-89,17602.00,32379.00,11402.00,6851.00,3517.00
Apr-89,19768.00,30645.00,10381.00,7300.00,4218.00
May-89,20703.00,31046.00,10231.00,7733.00,3858.00
Jun-89,22326.00,31311.00,11206.00,7095.00,3870.00
Jul-89,23834.00,31000.00,10953.00,6349.00,3832.00
Aug-89,24337.00,33176.00,10318.00,7736.00,5144.00
Sep-89,19228.00,32774.00,9759.00,7906.00,4526.00
Oct-89,19348.00,32506.00,9737.00,7758.00,6196.00
Nov-89,18688.00,29538.00,9800.00,6414.00,6164.00
Dec-89,16403.00,27882.00,8545.00,6302.00,5393.00
Jan-90,14045.00,27352.00,9314.00,5788.00,5688.00
Feb-90,15041.00,27575.00,12658.00,6318.00,6824.00
Mar-90,17331.00,32662.00,10692.00,6662.00,5854.00
Apr-90,19206.00,32004.00,11192.00,7732.00,5154.00
May-90,21353.00,31192.00,10767.00,7821.00,5794.00
Jun-90,23801.00,31551.00,11152.00,6942.00,6274.00
Jul-90,26031.00,32614.00,10735.00,7225.00,5991.00
Aug-90,24814.00,30579.00,10354.00,7653.00,7406.00
Sep-90,24897.00,32505.00,10730.00,8500.00,5282.00
Oct-90,24027.00,32094.00,10417.00,6912.00,5727.00
Nov-90,22859.00,30048.00,10647.00,6692.00,5204.00
Dec-90,20252.00,31164.00,10707.00,6938.00,4781.00
Jan-91,18746.00,29377.00,10576.00,5757.00,5134.00
Feb-91,22941.00,30474.00,10087.00,6712.00,4613.00
Mar-91,22519.00,30194.00,11040.00,8234.00,5075.00
Apr-91,21928.00,28075.00,10940.00,9519.00,6039.00
May-91,22956.00,30210.00,10740.00,9804.00,6549.00
Jun-91,23856.00,31135.00,9968.00,7412.00,6978.00
Jul-91,23147.00,30896.00,11248.00,6602.00,5616.00
Aug-91,22084.00,31061.00,10756.00,8553.00,4445.00
Sep-91,20929.00,33452.00,11186.00,8943.00,5021.00
Oct-91,19087.00,33115.00,10090.00,7419.00,5896.00
Nov-91,16784.00,33466.00,11917.00,7169.00,4726.00
Dec-91,15930.00,33292.00,11315.00,6772.00,3576.00
Jan-92,15584.00,32273.00,9796.00,6281.00,3397.00
Feb-92,20582.00,32631.00,12675.00,5787.00,4519.00
Mar-92,20783.00,35139.00,12401.00,5355.00,4660.00
Apr-92,23269.00,36480.00,13082.00,5412.00,5203.00
May-92,24677.00,35269.00,12334.00,5398.00,4306.00
Jun-92,24435.00,33527.00,12020.00,6925.00,4551.00
Jul-92,24431.00,33084.00,11605.00,5698.00,4063.00
Aug-92,23317.00,35503.00,11592.00,5296.00,3866.00
Sep-92,19319.00,34515.00,12246.00,6874.00,4225.00
Oct-92,17641.00,33341.00,11731.00,6754.00,4350.00
Nov-92,16899.00,31963.00,11781.00,7651.00,5020.00
Dec-92,15003.00,33563.00,11393.00,6519.00,5064.00
Jan-93,10217.00,30913.00,10181.00,5766.00,4880.00
Feb-93,13274.00,31332.00,10942.00,5727.00,3850.00
Mar-93,15421.00,32096.00,11261.00,6298.00,3786.00
Apr-93,15941.00,30401.00,9780.00,8993.00,4001.00
May-93,16192.00,29117.00,9892.00,6133.00,4540.00
Jun-93,14293.00,29618.00,11934.00,6647.00,4318.00
Jul-93,14516.00,29917.00,15379.00,3999.00,3610.00
Aug-93,13466.00,30520.00,12593.00,6306.00,3569.00
Sep-93,11301.00,29805.00,12667.00,7461.00,3414.00
Oct-93,9668.00,29683.00,11061.00,7367.00,4132.00
Nov-93,8783.00,29315.00,11448.00,6776.00,3736.00
Dec-93,8548.00,27348.00,12040.00,7585.00,3589.00
Jan-94,5469.00,26843.00,10902.00,8274.00,3993.00
Feb-94,8117.00,29512.00,11856.00,7156.00,6214.00
Mar-94,10418.00,30664.00,13378.00,6765.00,6711.00
Apr-94,12274.00,29979.00,11802.00,6449.00,6307.00
May-94,15491.00,29831.00,13177.00,5951.00,6338.00
Jun-94,16629.00,30862.00,12433.00,5938.00,5537.00
Jul-94,16874.00,30877.00,11223.00,7319.00,5153.00
Aug-94,13929.00,33092.00,11338.00,6261.00,4696.00
Sep-94,12444.00,32078.00,11584.00,6796.00,4381.00
Oct-94,11907.00,32630.00,11544.00,6940.00,4068.00
Nov-94,11345.00,32372.00,10421.00,5544.00,3245.00
Dec-94,11027.00,30691.00,11541.00,5500.00,2933.00
Jan-95,8369.00,30579.00,9642.00,5538.00,3431.00
Feb-95,13581.00,32379.00,10816.00,5211.00,4047.00
Mar-95,16370.00,36501.00,10982.00,4779.00,3796.00
Apr-95,17954.00,34914.00,10585.00,4764.00,5115.00
May-95,18804.00,30336.00,10639.00,7191.00,5982.00
Jun-95,20508.00,32197.00,10940.00,4189.00,5022.00
Jul-95,20145.00,30615.00,12218.00,4248.00,4878.00
Aug-95,18485.00,32931.00,12036.00,7629.00,6814.00
Sep-95,16899.00,33011.00,11402.00,4501.00,6070.00
Oct-95,15772.00,31889.00,11737.00,4935.00,5049.00
Nov-95,15963.00,26361.00,12018.00,4953.00,5950.00
Dec-95,16245.00,26785.00,12959.00,5054.00,4651.00
Jan-96,14282.00,28333.00,11137.00,5011.00,4470.00
Feb-96,19063.00,29014.00,12430.00,4934.00,4449.00
Mar-96,22951.00,32083.00,10748.00,5158.00,5468.00
Apr-96,25405.00,28284.00,11147.00,6615.00,6694.00
May-96,24851.00,28674.00,11813.00,6154.00,7368.00
Jun-96,24305.00,28318.00,12018.00,6344.00,5502.00
Jul-96,24489.00,27521.00,10802.00,7374.00,5973.00
Aug-96,20314.00,28335.00,10887.00,6429.00,6476.00
Sep-96,18021.00,26783.00,10917.00,7200.00,5718.00
Oct-96,16588.00,26481.00,10759.00,7783.00,7257.00
Nov-96,15892.00,26738.00,10705.00,8050.00,6172.00
Dec-96,14655.00,26327.00,11596.00,7814.00,6688.00
Jan-97,12521.00,27320.00,11626.00,6624.00,6710.00
Feb-97,15857.00,27515.00,11897.00,7738.00,5233.00
Mar-97,16920.00,30307.00,12612.00,7808.00,6804.00
Apr-97,19500.00,29802.00,14503.00,5531.00,6892.00
May-97,20167.00,28159.00,13271.00,5686.00,6768.00
Jun-97,22629.00,28232.00,14082.00,5563.00,7720.00
Jul-97,24101.00,29664.00,13204.00,7218.00,7029.00
Aug-97,24622.00,34597.00,12624.00,5284.00,5528.00
Sep-97,22507.00,36398.00,11920.00,6037.00,4705.00
Oct-97,21627.00,33010.00,11714.00,6864.00,5438.00
Nov-97,17688.00,28711.00,12550.00,6568.00,4896.00
Dec-97,15355.00,33565.00,14079.00,6500.00,3211.00
Jan-98,14845.00,32248.00,13222.00,6262.00,3495.00
Feb-98,18754.00,33030.00,12694.00,6680.00,3623.00
Mar-98,21161.00,33642.00,12766.00,4924.00,4607.00
Apr-98,21241.00,32485.00,15009.00,6347.00,4837.00
May-98,24206.00,32558.00,14513.00,6537.00,5555.00
Jun-98,22646.00,33246.00,16224.00,7101.00,4351.00
Jul-98,21779.00,35215.00,13619.00,9136.00,3842.00
Aug-98,17086.00,35450.00,13254.00,11485.00,3289.00
Sep-98,15672.00,33624.00,11585.00,9966.00,1635.00
Oct-98,13080.00,33129.00,12596.00,8575.00,3245.00
Nov-98,10973.00,32589.00,12133.00,11094.00,3366.00
Dec-98,10276.00,32614.00,11897.00,11690.00,3540.00
Jan-99,8591.00,32836.00,11443.00,13173.00,4235.00
Feb-99,14908.00,34498.00,13112.00,9957.00,4715.00
Mar-99,17450.00,34880.00,12357.00,13655.00,4384.00
Apr-99,21743.00,32958.00,13631.00,13219.00,5765.00
May-99,25827.00,32591.00,13078.00,11938.00,5452.00
Jun-99,27719.00,33558.00,14061.00,12060.00,7187.00
Jul-99,27142.00,34061.00,14526.00,15425.00,6620.00
Aug-99,26345.00,33127.00,12975.00,14672.00,7706.00
Sep-99,24089.00,31751.00,12389.00,12320.00,6885.00
Oct-99,21699.00,30942.00,12941.00,14654.00,6322.00
Nov-99,18474.00,31429.00,13265.00,12503.00,5574.00
Dec-99,14952.00,31865.00,14324.00,13144.00,6048.00
Jan-00,13479.00,29524.00,12931.00,13733.00,7526.00
Feb-00,16006.00,32493.00,12979.00,13861.00,9855.00
Mar-00,19093.00,32876.00,12093.00,13339.00,10551.00
Apr-00,22268.00,33487.00,12344.00,15751.00,9830.00
May-00,23476.00,33617.00,12315.00,15088.00,10708.00
Jun-00,25707.00,33095.00,12038.00,15488.00,11030.00
Jul-00,24753.00,33558.00,12225.00,17019.00,9676.00
Aug-00,23544.00,33876.00,12334.00,15984.00,9353.00
Sep-00,20361.00,35484.00,12540.00,15664.00,9894.00
Oct-00,19149.00,36528.00,12527.00,15745.00,9139.00
Nov-00,17659.00,35525.00,12034.00,11202.00,12126.00
Dec-00,16300.00,35073.00,12446.00,10153.00,10434.00
1-Jan,14690.00,34640.00,11354.00,10346.00,8200.00
1-Feb,17597.00,36134.00,12489.00,7581.00,5272.00
1-Mar,21265.00,36083.00,12820.00,8866.00,5731.00
1-Apr,25429.00,37388.00,12468.00,7951.00,6215.00
1-May,28377.00,37234.00,14113.00,8476.00,5964.00
1-Jun,29380.00,36895.00,14147.00,9111.00,5383.00
1-Jul,29302.00,39037.00,13090.00,7874.00,4765.00
1-Aug,28097.00,39190.00,13123.00,11696.00,4936.00
1-Sep,25010.00,39678.00,13865.00,8417.00,5114.00
1-Oct,23834.00,38186.00,13164.00,7760.00,4934.00
1-Nov,25314.00,37576.00,12816.00,9997.00,5299.00
1-Dec,23376.00,35381.00,13480.00,11181.00,5692.00
2-Jan,19543.00,35860.00,13215.00,12126.00,6533.00
2-Feb,23079.00,39782.00,14381.00,9465.00,7663.00
2-Mar,27113.00,39496.00,13906.00,9511.00,7734.00
2-Apr,32477.00,39714.00,14115.00,9619.00,7384.00
2-May,36037.00,39333.00,13065.00,10338.00,6641.00
2-Jun,37185.00,38924.00,13245.00,9981.00,6612.00
2-Jul,33854.00,38891.00,12813.00,9524.00,4984.00
2-Aug,22470.00,39366.00,16071.00,10400.00,7713.00
2-Sep,19640.00,39096.00,15552.00,7908.00,8877.00
2-Oct,16705.00,37910.00,15197.00,8550.00,8667.00
2-Nov,13980.00,35119.00,14769.00,10955.00,8486.00
2-Dec,11550.00,32324.00,14896.00,12574.00,8143.00
3-Jan,9959.00,36747.00,14767.00,13104.00,8510.00
3-Feb,8753.00,38800.00,14098.00,11823.00,10210.00
3-Mar,11698.00,40387.00,13843.00,10417.00,10208.00
3-Apr,15129.00,40654.00,14077.00,10747.00,11207.00
3-May,17209.00,39819.00,14723.00,10858.00,10833.00
3-Jun,18680.00,39740.00,14984.00,10451.00,10866.00
3-Jul,18097.00,40961.00,16177.00,11275.00,10107.00
3-Aug,15928.00,39010.00,15566.00,12061.00,9759.00
3-Sep,15013.00,41465.00,15380.00,10335.00,10266.00
3-Oct,14156.00,42521.00,16048.00,10469.00,10438.00
3-Nov,13945.00,41569.00,15314.00,10695.00,9796.00
3-Dec,14370.00,42171.00,15692.00,11429.00,8745.00
4-Jan,11338.00,41972.00,17003.00,10230.00,8181.00
4-Feb,11625.00,43382.00,16405.00,8973.00,7227.00
4-Mar,13714.00,42654.00,15804.00,9675.00,6664.00
4-Apr,17244.00,42807.00,15088.00,9602.00,6262.00
4-May,20406.00,43403.00,15687.00,10485.00,5996.00
4-Jun,20824.00,39951.00,15743.00,9146.00,6264.00
4-Jul,20070.00,39502.00,14957.00,10402.00,6375.00
4-Aug,19854.00,41295.00,15466.00,12201.00,6663.00
4-Sep,18404.00,42947.00,16106.00,11121.00,7598.00
4-Oct,16585.00,43666.00,14776.00,11020.00,6579.00
4-Nov,16130.00,45347.00,15712.00,10445.00,5460.00
4-Dec,14818.00,44698.00,16653.00,10156.00,4931.00
5-Jan,12548.00,43754.00,15469.00,9395.00,4619.00
5-Feb,11500.00,45510.00,15744.00,9545.00,5455.00
5-Mar,14535.00,46047.00,16621.00,10641.00,5538.00
5-Apr,18703.00,45433.00,16345.00,9833.00,5871.00
5-May,22356.00,45905.00,16745.00,10418.00,6324.00
5-Jun,24863.00,45806.00,17129.00,10870.00,6634.00
5-Jul,25933.00,44196.00,16612.00,10511.00,6144.00
5-Aug,22307.00,45254.00,16843.00,11514.00,6505.00
5-Sep,22213.00,45303.00,14581.00,10537.00,8533.00
5-Oct,20174.00,46432.00,13762.00,10919.00,7365.00
5-Nov,19408.00,47323.00,14346.00,10687.00,6852.00
5-Dec,18651.00,46336.00,16740.00,10704.00,6056.00
6-Jan,16614.00,44842.00,16572.00,9806.00,5869.00
6-Feb,19919.00,47448.00,16408.00,10407.00,5895.00
6-Mar,23361.00,48766.00,15674.00,11259.00,6158.00
6-Apr,25234.00,48420.00,16334.00,10922.00,6822.00
6-May,27802.00,47571.00,15804.00,8095.00,6941.00
6-Jun,28352.00,48374.00,15329.00,8406.00,7834.00
6-Jul,26799.00,48604.00,15811.00,8272.00,8127.00
6-Aug,23801.00,49540.00,16935.00,9441.00,8680.00
6-Sep,20200.00,49722.00,18786.00,7746.00,7063.00
6-Oct,17459.00,49409.00,16853.00,9084.00,6155.00
6-Nov,15008.00,47612.00,18140.00,10001.00,5103.00
6-Dec,12602.00,47582.00,16523.00,10744.00,4223.00
7-Jan,9984.00,45891.00,16163.00,9831.00,4289.00
7-Feb,11774.00,48290.00,18992.00,8877.00,4428.00
7-Mar,13241.00,46860.00,15627.00,8815.00,4884.00
7-Apr,13921.00,45589.00,14988.00,11074.00,4971.00
7-May,14573.00,47854.00,15851.00,10417.00,5605.00
7-Jun,16040.00,49105.00,16373.00,10088.00,6278.00
7-Jul,16056.00,49177.00,16455.00,9873.00,6164.00
7-Aug,14814.00,50393.00,17433.00,10823.00,6841.00
7-Sep,15010.00,50373.00,17520.00,9277.00,7279.00
7-Oct,13523.00,49462.00,17972.00,9907.00,8266.00
7-Nov,12867.00,49460.00,18005.00,11147.00,8441.00
7-Dec,11566.00,49056.00,18379.00,10827.00,8554.00
8-Jan,10948.00,50000.00,19061.00,8101.00,9206.00
8-Feb,15052.00,49304.00,19030.00,8190.00,10596.00
8-Mar,16337.00,48762.00,18427.00,9248.00,10477.00
8-Apr,19581.00,48901.00,18706.00,9442.00,9976.00
8-May,20768.00,48359.00,19732.00,8548.00,9694.00
8-Jun,20843.00,48645.00,18015.00,9665.00,8828.00
8-Jul,19994.00,49906.00,20103.00,9850.00,8023.00
8-Aug,19367.00,50500.00,19821.00,9609.00,8246.00
8-Sep,17268.00,49226.00,19764.00,8998.00,9041.00
8-Oct,16453.00,47813.00,20054.00,8380.00,8292.00
8-Nov,15522.00,46671.00,19559.00,8081.00,10692.00
8-Dec,14155.00,46430.00,18476.00,9059.00,10089.00
9-Jan,13746.00,46065.00,19270.00,9793.00,10350.00
9-Feb,17227.00,47132.00,18749.00,7005.00,10683.00
9-Mar,18376.00,46458.00,17865.00,7886.00,10749.00
9-Apr,19768.00,45807.00,18048.00,8593.00,9804.00
9-May,20089.00,46167.00,16921.00,9008.00,9744.00
9-Jun,19122.00,45864.00,17581.00,10016.00,9406.00
9-Jul,19981.00,45631.00,16912.00,10454.00,9434.00
9-Aug,20055.00,47124.00,18148.00,9836.00,9053.00
9-Sep,17859.00,47717.00,19619.00,8566.00,8559.00
9-Oct,17310.00,46515.00,19274.00,8361.00,8379.00
9-Nov,16819.00,42981.00,19094.00,9167.00,6937.00
9-Dec,17483.00,42014.00,18416.00,9516.00,6972.00
10-Jan,15159.00,44564.00,17358.00,7963.00,7636.00
10-Feb,17544.00,44925.00,17957.00,7868.00,8702.00
10-Mar,19720.00,46794.00,18149.00,7128.00,8972.00
10-Apr,20513.00,47047.00,18321.00,8014.00,9237.00
10-May,21920.00,45548.00,18025.00,8825.00,9826.00
10-Jun,22244.00,46365.00,17021.00,8028.00,8283.00
10-Jul,21404.00,45707.00,17093.00,8260.00,8539.00
10-Aug,20375.00,45953.00,19008.00,8656.00,9482.00
10-Sep,18582.00,45673.00,19037.00,6378.00,8409.00
10-Oct,16446.00,44940.00,17095.00,6486.00,7464.00
10-Nov,13362.00,44537.00,18973.00,7350.00,7840.00
10-Dec,11415.00,41596.00,17344.00,6977.00,6478.00
11-Jan,9098.00,41119.00,21243.00,8314.00,5957.00
11-Feb,12223.00,38488.00,24864.00,7477.00,6896.00
11-Mar,12968.00,38100.00,25497.00,8418.00,6357.00
11-Apr,14404.00,38103.00,26951.00,6635.00,6414.00
11-May,14788.00,39277.00,26671.00,8218.00,6200.00
11-Jun,15212.00,40111.00,27566.00,8366.00,5852.00
11-Jul,14924.00,40559.00,26771.00,7264.00,5249.00
11-Aug,15444.00,41369.00,28500.00,6377.00,5109.00
11-Sep,15011.00,40434.00,26049.00,6184.00,5510.00
11-Oct,13685.00,38268.00,25358.00,7052.00,5997.00
11-Nov,12145.00,38300.00,25010.00,7041.00,6172.00
11-Dec,10066.00,38251.00,26115.00,7674.00,6044.00
12-Jan,8289.00,39000.00,14499.00,7819.00,6490.00
12-Feb,12330.00,38633.00,21534.00,6563.00,6085.00
12-Mar,13399.00,39658.00,22636.00,7449.00,6791.00
12-Apr,15966.00,38672.00,21391.00,5648.00,7399.00
12-May,19037.00,37812.00,21923.00,5954.00,7325.00
12-Jun,19779.00,37136.00,22150.00,7228.00,7705.00
12-Jul,15922.00,40074.00,23032.00,7399.00,5818.00
12-Aug,16570.00,43327.00,25120.00,7643.00,5734.00
12-Sep,18674.00,40651.00,25765.00,6863.00,5911.00
12-Oct,17113.00,43624.00,26286.00,6048.00,5795.00
12-Nov,15883.00,46833.00,26631.00,7962.00,6711.00
12-Dec,15412.00,44832.00,25825.00,8492.00,6839.00
13-Jan,14513.00,44634.00,18483.00,7095.00,7500.00
13-Feb,17779.00,46305.00,26780.00,7122.00,7947.00
13-Mar,19656.00,47351.00,26301.00,8126.00,9036.00
13-Apr,19404.00,46092.00,26859.00,7536.00,8298.00
13-May,21337.00,45785.00,26891.00,7763.00,7935.00
13-Jun,22120.00,45693.00,27276.00,8497.00,8400.00
13-Jul,21161.00,44641.00,26944.00,8032.00,7289.00
13-Aug,19815.00,45239.00,26787.00,8856.00,7272.00
13-Sep,19055.00,44939.00,27624.00,7127.00,7895.00
13-Oct,17097.00,42762.00,26679.00,5790.00,7312.00
13-Nov,15369.00,44455.00,26378.00,6032.00,7633.00
13-Dec,14474.00,44562.00,26683.00,6800.00,7572.00
14-Jan,13143.00,42299.00,26898.00,5753.00,7440.00
14-Feb,15269.00,43757.00,27852.00,7242.00,9455.00
14-Mar,16626.00,45357.00,26824.00,7197.00,9111.00
14-Apr,16861.00,41086.00,25592.00,8143.00,8239.00
14-May,17836.00,42212.00,25908.00,8898.00,7843.00
14-Jun,19538.00,41966.00,27346.00,8881.00,7850.00
14-Jul,18213.00,42754.00,26924.00,8815.00,7750.00
14-Aug,17356.00,42926.00,28224.00,9747.00,8717.00
14-Sep,16883.00,44146.00,28077.00,8639.00,8779.00
14-Oct,13357.00,43201.00,25768.00,7110.00,9539.00
14-Nov,11509.00,41366.00,31364.00,8702.00,8796.00
14-Dec,10434.00,43130.00,30424.00,9491.00,8813.00
15-Jan,8282.00,41066.00,29248.00,8463.00,8940.00
15-Feb,10690.00,42938.00,31749.00,9398.00,10120.00
15-Mar,10353.00,43656.00,32133.00,11251.00,11123.00
15-Apr,7514.00,34989.00,26354.00,11459.00,8392.00
15-May,8826.00,36196.00,27526.00,12706.00,8292.00
15-Jun,8401.00,38056.00,27371.00,10836.00,8548.00
15-Jul,9120.00,36344.00,27492.00,9621.00,8662.00
15-Aug,13103.00,39031.00,27901.00,9099.00,9139.00
15-Sep,15958.00,48902.00,32973.00,8208.00,13327.00
15-Oct,13622.00,46984.00,34004.00,7192.00,13116.00
15-Nov,12351.00,49004.00,34611.00,7648.00,14795.00
15-Dec,12512.00,49447.00,33867.00,7542.00,14545.00
16-Jan,9651.00,47303.00,33656.00,7565.00,9408.00
16-Feb,13412.00,46216.00,35936.00,9802.00,15973.00
16-Mar,13924.00,45333.00,36127.00,10746.00,13014.00
16-Apr,15480.00,48878.00,35892.00,10424.00,12281.00
16-May,18431.00,49033.00,32852.00,10844.00,12466.00
16-Jun,19496.00,49834.00,33839.00,10468.00,12307.00
16-Jul,20360.00,50003.00,34614.00,9736.00,12647.00
16-Aug,18802.00,52023.00,33904.00,8327.00,12525.00
16-Sep,15295.00,52245.00,33813.00,9293.00,12036.00
16-Oct,13058.00,49064.00,32218.00,9303.00,10855.00
16-Nov,14627.00,50108.00,33163.00,10373.00,10018.00
16-Dec,13239.00,49625.00,33590.00,9351.00,10081.00
17-Jan,11571.00,47475.00,32515.00,7809.00,9522.00
17-Feb,13811.00,49971.00,36570.00,8884.00,8264.00
17-Mar,19875.00,49406.00,37304.00,9839.00,9264.00
17-Apr,24897.00,49085.00,38081.00,9555.00,8955.00
17-May,28441.00,51374.00,36647.00,9476.00,9369.00
17-Jun,28224.00,51987.00,36810.00,9470.00,9474.00
17-Jul,29580.00,50662.00,36063.00,8869.00,9529.00
17-Aug,28507.00,52806.00,37394.00,9254.00,9769.00
17-Sep,28183.00,53477.00,34464.00,7698.00,10181.00
17-Oct,24724.00,53383.00,36149.00,8533.00,9930.00
17-Nov,24642.00,53642.00,37127.00,9419.00,9805.00
17-Dec,21785.00,53610.00,34927.00,10010.00,10078.00
18-Jan,21253.00,52225.00,35803.00,9939.00,10010.00
18-Feb,28472.00,52438.00,34033.00,9557.00,10421.00
18-Mar,30245.00,51802.00,36244.00,9443.00,9667.00
18-Apr,35122.00,51745.00,37327.00,9625.00,9293.00
18-May,38922.00,52509.00,37729.00,11024.00,8173.00
18-Jun,43597.00,52517.00,39363.00,9630.00,7857.00
18-Jul,44708.00,52592.00,37965.00,9796.00,7809.00
18-Aug,40117.00,51081.00,36630.00,12714.00,8132.00
18-Sep,33829.00,51118.00,38294.00,10275.00,6491.00
18-Oct,35388.00,55665.00,38219.00,9566.00,6371.00
18-Nov,37087.00,42846.00,39814.00,8236.00,8328.00
18-Dec,32807.00,43363.00,38390.00,9253.00,8341.00
19-Jan,32941.00,42158.00,40785.00,8658.00,8640.00
19-Feb,37329.00,43962.00,41339.00,9156.00,8839.00
19-Mar,39989.00,44264.00,40586.00,10344.00,9003.00
19-Apr,42210.00,45250.00,44264.00,10333.00,9110.00
19-May,42832.00,43985.00,41762.00,7776.00,10738.00
19-Jun,45694.00,43241.00,42096.00,9903.00,7692.00
19-Jul,44770.00,43307.00,41452.00,9234.00,9345.00
19-Aug,40623.00,43095.00,42257.00,9758.00,9303.00
19-Sep,37164.00,39478.00,41505.00,12097.00,7654.00
19-Oct,32779.00,41949.00,44696.00,9879.00,7899.00
19-Nov,30434.00,44234.00,41158.00,9998.00,8092.00
19-Dec,27503.00,42674.00,43583.00,9903.00,7388.00
20-Jan,26747.00,42274.00,41142.00,8675.00,8452.00
20-Feb,27975.00,42660.00,40784.00,10791.00,9244.00
20-Mar,29512.00,44161.00,41097.00,9041.00,9476.00
20-Apr,29559.00,38603.00,38290.00,8865.00,8709.00
20-May,29534.00,42204.00,40330.00,8213.00,7479.00
20-Jun,30836.00,42564.00,38682.00,8804.00,7148.00
20-Jul,28409.00,42163.00,37182.00,9263.00,7952.00
20-Aug,27996.00,40268.00,38430.00,9900.00,8539.00
20-Sep,30252.00,41005.00,38310.00,9348.00,9269.00
20-Oct,26840.00,39087.00,37596.00,8797.00,9416.00
20-Nov,25982.00,40526.00,39546.00,9684.00,9362.00
20-Dec,22743.00,40287.00,39855.00,10415.00,7775.00
21-Jan,22544.00,42366.00,38470.00,11011.00,7945.00
21-Feb,24225.00,46129.00,39447.00,10702.00,8594.00
21-Mar,24011.00,44049.00,38019.00,10061.00,8115.00
21-Apr,23273.00,44870.00,36923.00,9523.00,8341.00
21-May,23336.00,45300.00,36550.00,9461.00,8770.00
21-Jun,25065.00,44737.00,36643.00,9504.00,8679.00
21-Jul,25845.00,42764.00,35654.00,9289.00,7672.00
21-Aug,25687.00,41311.00,37808.00,9319.00,8291.00
21-Sep,29285.00,43852.00,37485.00,9587.00,9041.00
21-Oct,24342.00,42106.00,35794.00,9797.00,9154.00
21-Nov,24976.00,42356.00,37787.00,8635.00,7566.00
21-Dec,23043.00,40347.00,37995.00,9178.00,8834.00
22-Jan,20946.00,42418.00,37640.00,10126.00,8379.00
22-Feb,19822.00,42432.00,36561.00,9644.00,8655.00
22-Mar,20368.00,42837.00,36477.00,10083.00,9094.00
22-Apr,21563.00,43230.00,37488.00,10401.00,8007.00
22-May,22029.00,43085.00,36167.00,10097.00,8834.00
22-Jun,24097.00,42299.00,36245.00,10163.00,8813.00
22-Jul,25168.00,41555.00,36281.00,10146.00,8321.00
22-Aug,24350.00,44099.00,37789.00,10651.00,9175.00
22-Sep,20742.00,44611.00,36844.00,10876.00,9987.00
22-Oct,20542.00,44875.00,36448.00,11189.00,9720.00
